variant_id,gene,label,llr
clinvar_438089,ABCA4,1,-8.505640983581543
clinvar_1214455,TPRN,0,-2.6363773345947266
clinvar_251488,LDLR,1,-14.22265625
clinvar_3794715,SEZ6L,0,-0.5643739700317383
clinvar_1499569,C2CD3,0,-3.363394260406494
clinvar_3310063,PRKDC,0,-2.9190750122070312
clinvar_3768270,ALPL,1,-10.046924591064453
clinvar_2640516,CTNNA3,0,-5.151891708374023
clinvar_694465,CDC42BPB,1,-12.612356185913086
clinvar_239314,POLD1,0,-10.622968673706055
clinvar_555603,FANCA,1,-12.735841751098633
clinvar_210736,CLN8,1,-10.56834888458252
clinvar_1510689,ACP5,1,-9.648198127746582
clinvar_214785,NDUFS1,1,-6.938079357147217
clinvar_1756655,ANK2,0,-2.925001382827759
clinvar_3254657,COL4A5,1,-13.743581771850586
clinvar_1299640,SMCHD1,1,-6.004733085632324
clinvar_1347453,SDHB,1,-15.112259864807129
clinvar_8571,NR3C2,1,-14.273755073547363
clinvar_241461,FA2H,0,-3.283719539642334
clinvar_4063557,ATP7B,1,-9.622962951660156
clinvar_551460,MMUT,1,-11.365705490112305
clinvar_544363,TP63,1,-12.629194259643555
clinvar_527206,FBN1,1,-11.597282409667969
clinvar_389464,AHDC1,1,-4.854061603546143
clinvar_1652614,CA5A,0,-7.5815534591674805
clinvar_1067934,FAS,1,-6.845308303833008
clinvar_2385500,HEYL,0,-3.6897130012512207
clinvar_253292,SCN8A,1,-18.45832061767578
clinvar_3535052,KLHL18,0,-4.334851264953613
clinvar_721309,BCAN,0,-5.294490337371826
clinvar_2107928,USH2A,1,-14.107958793640137
clinvar_216319,MSH6,0,-3.577471971511841
clinvar_3894538,INF2,1,-9.919654846191406
clinvar_1349670,PALB2,0,-4.079400539398193
clinvar_237933,PMS2,1,-15.658374786376953
clinvar_499070,ABCB11,1,-11.366021156311035
clinvar_2655848,PCDHGA6,0,1.1248154640197754
clinvar_3585961,COL4A3,1,-11.79930591583252
clinvar_5113,SGSH,1,-11.22375202178955
clinvar_819409,BRCA2,0,-3.4830002784729004
clinvar_207136,SCN8A,0,-3.2278733253479004
clinvar_457240,FBN1,1,-14.699356079101562
clinvar_773377,PIGA,0,-8.025894165039062
clinvar_973463,TRMU,1,-14.19518756866455
clinvar_2661722,PLXNB3,0,-3.801947832107544
clinvar_130705,VLDLR,0,-5.021793842315674
clinvar_2197533,PC,0,-6.439169883728027
clinvar_334,NF1,1,-18.44586753845215
clinvar_66470,GFAP,1,-11.89913272857666
clinvar_294625,ASPM,0,-8.200817108154297
clinvar_845057,TSC2,0,-8.545525550842285
clinvar_4546829,LMF2,0,-7.65632438659668
clinvar_2056054,ABCA1,0,-8.123706817626953
clinvar_447489,HNF1A,1,-16.731170654296875
clinvar_1356234,ICOSLG,0,-2.072723865509033
clinvar_366565,TOPORS,0,-3.9698543548583984
clinvar_1780893,MSH2,1,-15.778546333312988
clinvar_796538,CIITA,0,-3.08315372467041
clinvar_995947,BRCA2,1,-14.537336349487305
clinvar_922524,DSP,0,-5.071932315826416
clinvar_2315474,PRR22,0,-4.417385101318359
clinvar_3317553,SERPINA5,0,0.2577362060546875
clinvar_988401,AR,1,-15.415935516357422
clinvar_2384932,STOX2,0,-3.855518102645874
clinvar_4827762,FBN3,0,-2.091884136199951
clinvar_619014,CSNK2A1,1,-17.65874671936035
clinvar_376049,PIK3CA,1,-5.816915512084961
clinvar_236228,TELO2,1,-6.867722988128662
clinvar_537104,POLD1,0,-8.680152893066406
clinvar_2505426,FGFR1,1,-12.012001991271973
clinvar_619064,MCM9,0,-11.802633285522461
clinvar_479655,DICER1,0,-5.09984016418457
clinvar_929426,CDKL5,1,-17.76320457458496
clinvar_3901479,NSD1,1,-12.410539627075195
clinvar_1902902,ADGRV1,0,-3.526836395263672
clinvar_872484,SLC6A1,1,-6.978757858276367
clinvar_1699164,FDXR,0,-7.524322509765625
clinvar_263204,AGRN,0,-6.344334602355957
clinvar_290392,CACNA1D,0,-5.1638503074646
clinvar_547301,FBN1,1,-13.618824005126953
clinvar_1338641,RPS19,1,-12.947798728942871
clinvar_726891,GEMIN4,0,-4.930156707763672
clinvar_4818221,STAR,1,-11.459908485412598
clinvar_200189,FBN1,1,-10.501351356506348
clinvar_2935889,IGHMBP2,1,-13.806846618652344
clinvar_2112541,TMEM67,1,-11.863431930541992
clinvar_4280405,CFB,1,-8.569913864135742
clinvar_3703996,KDM5C,0,-6.072453022003174
clinvar_419852,PHEX,1,-12.063089370727539
clinvar_1759395,TNXB,0,-7.714207172393799
clinvar_1315998,HNF1A,1,-7.398273468017578
clinvar_430454,SPAST,1,-12.019680976867676
clinvar_3251466,TGM1,1,-10.114012718200684
clinvar_99185,ABCA4,1,-6.068106174468994
clinvar_3029488,GPC4,0,-5.829038619995117
clinvar_236037,MYO15A,1,-11.37299919128418
clinvar_1515233,SUN2,0,-4.141546249389648
clinvar_551210,ASL,1,-5.448884010314941
clinvar_97228,OTC,1,-14.262343406677246
clinvar_2579690,TBX5,1,-12.872476577758789
clinvar_1722756,G6PD,1,-14.865175247192383
clinvar_3239712,SMN1,1,-10.587645530700684
clinvar_1685819,FBN1,1,-13.095203399658203
clinvar_9488,ABCA1,1,-8.546009063720703
clinvar_2534506,PTPRS,0,-2.3108649253845215
clinvar_4148474,PWWP2B,0,-4.503762245178223
clinvar_10879,PDHA1,1,-13.72417163848877
clinvar_1705787,NPC1,1,-11.909857749938965
clinvar_1253265,INSL3,0,-1.9610679149627686
clinvar_648864,KCNQ2,1,-14.07905387878418
clinvar_1222775,GALM,0,0.8783595561981201
clinvar_3238962,ZNRF3,1,-13.347588539123535
clinvar_625119,FBN1,1,-17.024843215942383
clinvar_2930156,FLNC,0,-5.56321907043457
clinvar_4015131,DSPP,0,-1.01873779296875
clinvar_1167466,ANKZF1,0,-6.285586833953857
clinvar_3655593,KMT2D,0,-9.159034729003906
clinvar_643019,COL5A2,0,-5.5585198402404785
clinvar_2658445,MTUS1,0,-4.590309143066406
clinvar_2048339,AKT2,0,-7.367827415466309
clinvar_1518588,HOGA1,1,-13.222040176391602
clinvar_2576974,SYNJ1,1,-14.383954048156738
clinvar_2202940,USH2A,1,-13.780373573303223
clinvar_4128899,ORC5,0,-4.218148708343506
clinvar_2646755,HYDIN,0,-4.604693412780762
clinvar_1313622,FBN2,0,-13.90261173248291
clinvar_2433277,L1CAM,0,-7.42523193359375
clinvar_4382538,GOLGA3,0,-5.8339738845825195
clinvar_3306079,PHC2,0,-2.6210343837738037
clinvar_403835,MEN1,0,-12.092734336853027
clinvar_801075,BRCA1,0,-2.752937078475952
clinvar_306802,GNPTAB,0,-9.276440620422363
clinvar_2071489,ZHX3,0,-4.232815265655518
clinvar_520232,FBN1,1,-12.149778366088867
clinvar_235409,CNGB1,0,-12.025197982788086
clinvar_1170042,CRB2,0,-5.137660026550293
clinvar_978637,GLDN,1,-10.238096237182617
clinvar_594332,ABCB11,1,-7.151437759399414
clinvar_2132509,ACVRL1,1,-11.09006118774414
clinvar_2367570,OR13C5,0,4.1262407302856445
clinvar_3431246,RBM20,0,-5.367467880249023
clinvar_3875818,MUC5B,0,-3.7139430046081543
clinvar_3276987,F5,0,-0.9975470900535583
clinvar_3384109,SLC26A4,1,-14.99958324432373
clinvar_3373126,MAPK1,1,-13.868980407714844
clinvar_490123,RAD51C,0,-10.355756759643555
clinvar_3767221,NDUFV1,1,-14.832919120788574
clinvar_657146,MTHFR,1,-8.166694641113281
clinvar_1176079,CIC,0,-3.543698787689209
clinvar_915416,SUMF1,1,-14.45783805847168
clinvar_2518773,UMODL1,0,-6.3246307373046875
clinvar_135095,PTCH1,0,-8.813158988952637
clinvar_939451,DMD,0,-2.264230728149414
clinvar_215052,RARS2,0,-5.8390727043151855
clinvar_1330343,ITGA2B,1,-10.950040817260742
clinvar_3510098,ERICH1,0,-4.497500419616699
clinvar_805194,PKD1,1,-8.56924819946289
clinvar_11416,FOXP3,1,-2.6361734867095947
clinvar_3071879,LDLR,1,-10.498395919799805
clinvar_251622,LDLR,1,-13.438582420349121
clinvar_158553,EBP,1,-12.878434181213379
clinvar_14102,MYH7,1,-14.171616554260254
clinvar_4606789,ZC3H13,0,-2.268890619277954
clinvar_578268,TRPM4,0,-6.076913833618164
clinvar_4158557,S100A16,0,-2.434047222137451
clinvar_2661877,CLIC2,0,-10.313029289245605
clinvar_179668,DSP,0,-8.508447647094727
clinvar_522002,ITPR1,1,-15.862683296203613
clinvar_3696378,SETD2,0,-1.780595064163208
clinvar_459212,GLI3,0,-4.941987991333008
clinvar_2030048,GJB1,1,-8.663293838500977
clinvar_21026,PSEN1,1,-13.50747299194336
clinvar_839452,NEDD4L,0,-7.035998344421387
clinvar_4154060,ABHD10,0,-4.6249213218688965
clinvar_4251715,EVX2,0,-3.440389394760132
clinvar_4090009,KBTBD6,0,-1.056539535522461
clinvar_2677397,OCA2,1,-16.773773193359375
clinvar_3253660,GJA8,1,-8.048433303833008
clinvar_192235,DRAM2,1,-9.345229148864746
clinvar_4533916,ARID2,0,-3.26851749420166
clinvar_183298,C19orf12,1,-10.312594413757324
clinvar_3913718,MSH6,0,-4.618398666381836
clinvar_159878,SETBP1,0,-3.5500197410583496
clinvar_4292886,NSD1,1,-12.071155548095703
clinvar_1040041,VPS45,1,-11.032438278198242
clinvar_3839221,DEAF1,1,-14.012377738952637
clinvar_3605982,MYH9,0,-4.742486953735352
clinvar_517063,TTN,0,-3.4967589378356934
clinvar_870621,RYR1,1,-10.902045249938965
clinvar_2160690,SPECC1L,0,-3.475287914276123
clinvar_1762638,BRCA2,0,-6.062356948852539
clinvar_1472021,FBN1,1,-11.471460342407227
clinvar_3765562,GRIK2,1,-8.715055465698242
clinvar_433794,BRCA2,0,-4.314438819885254
clinvar_1523103,LAMP2,1,-7.567719459533691
clinvar_1148518,SCN7A,0,-2.160947322845459
clinvar_569745,ALDH7A1,1,-15.318031311035156
clinvar_485334,BLM,0,-3.818983554840088
clinvar_373992,CNTNAP2,0,-13.678753852844238
clinvar_1439250,ZBTB20,0,-1.9056000709533691
clinvar_2229652,TBL1X,0,-3.928485870361328
clinvar_551805,SGCB,1,-7.436807155609131
clinvar_36079,FBN1,1,-12.196022987365723
clinvar_230249,BRCA1,0,-2.243236541748047
clinvar_44739,GJB2,0,-4.334143161773682
clinvar_101371,COL3A1,1,-17.15506362915039
clinvar_1464790,SH3TC2,0,-1.756284475326538
clinvar_2003709,COL3A1,1,-12.692038536071777
clinvar_2897271,NOTCH1,0,-3.634166717529297
clinvar_238933,DNAH11,0,-4.135702133178711
clinvar_2729045,DNAH11,0,-14.322338104248047
clinvar_703012,ANOS1,0,-4.696455955505371
clinvar_4090069,KCNA2,1,-14.36826229095459
clinvar_581439,MFN2,1,-9.036308288574219
clinvar_214853,NDUFV1,1,-14.208902359008789
clinvar_2572833,TBL1XR1,1,-18.529438018798828
clinvar_3513517,FBN1,1,-12.599783897399902
clinvar_66690,NEFL,1,-11.201638221740723
clinvar_1396046,NAA10,1,-8.9376802444458
clinvar_3380347,CFHR1,0,-6.419843673706055
clinvar_1071939,SCN1A,1,-14.873968124389648
clinvar_1959360,GBE1,1,-11.790735244750977
clinvar_40559,PTPN11,1,-14.039052963256836
clinvar_1296993,MTOR,1,-11.148323059082031
clinvar_637215,GJB1,1,-10.271462440490723
clinvar_871051,NMNAT1,1,-6.764895915985107
clinvar_365650,DBH,0,-3.867802143096924
clinvar_1474975,NAGS,1,-6.554288864135742
clinvar_3195571,ZNF407,0,-2.3857827186584473
clinvar_940378,RS1,1,-7.483298301696777
clinvar_3544432,BBS12,1,-15.27967643737793
clinvar_2001011,COL4A1,1,-16.058815002441406
clinvar_98983,RS1,1,-9.886310577392578
clinvar_1343617,KAT6A,0,-5.808560848236084
clinvar_425149,RAC3,1,-12.981176376342773
clinvar_932011,SEC23B,1,-10.12961196899414
clinvar_3061850,MAP2K2,1,-16.64887237548828
clinvar_1251996,ATP1A3,1,-12.371871948242188
clinvar_846942,PALB2,0,-1.7263500690460205
clinvar_667414,TECTA,1,-16.228239059448242
clinvar_3707326,ACSF3,1,-16.3596248626709
clinvar_2786465,KMT2D,0,-10.512992858886719
clinvar_2658239,KMT2C,0,-3.550103187561035
clinvar_444714,DNAH11,1,-8.437455177307129
clinvar_3442811,SLC16A7,0,-6.511374473571777
clinvar_475069,POT1,0,-8.340846061706543
clinvar_3769307,GAA,1,-12.094514846801758
clinvar_3376581,COL7A1,1,-5.589262962341309
clinvar_1327560,PAH,1,-10.139699935913086
clinvar_4165198,SIGLEC11,0,-0.7008121013641357
clinvar_2573115,KLK2,0,-7.384344100952148
clinvar_3410300,OR10H4,0,-2.9947235584259033
clinvar_4738420,KMT2D,0,-6.302236080169678
clinvar_803562,RPS19,1,-15.39269733428955
clinvar_3982633,XBP1,0,-3.986150026321411
clinvar_2498161,TYR,1,-10.941108703613281
clinvar_102528,PAH,1,-6.849595546722412
clinvar_774975,DOCK11,0,-6.649351596832275
clinvar_4532784,ATRX,1,-13.572164535522461
clinvar_2716754,ALX1,0,-5.3167853355407715
clinvar_2785367,FAM111A,0,-2.327554225921631
clinvar_2397704,PKD2,0,-6.029081344604492
clinvar_1443520,COL4A5,1,-14.314416885375977
clinvar_801605,CACNA1S,1,-10.862479209899902
clinvar_227240,CEACAM16,0,-5.820706844329834
clinvar_496938,COL5A2,0,-2.793586015701294
clinvar_1403674,OCA2,1,-19.272676467895508
clinvar_25411,SLC22A5,1,-14.092233657836914
clinvar_768838,SREBF1,0,-5.210992813110352
clinvar_3295860,MRGPRX1,0,-4.6087446212768555
clinvar_1676626,COL7A1,1,-14.916191101074219
clinvar_3891320,IDS,1,-13.291706085205078
clinvar_472987,HARS1,0,-6.2784881591796875
clinvar_2310980,MED13,0,-3.9385576248168945
clinvar_2692299,ABCA4,1,-11.15148639678955
clinvar_2156615,ABCD1,0,-4.992294788360596
clinvar_3281404,GIN1,0,-4.675730228424072
clinvar_41829,BRCA1,0,-3.6540443897247314
clinvar_1199226,BCL11A,1,-8.816313743591309
clinvar_3599785,HBB,1,-7.935651779174805
clinvar_2827362,CDK13,0,-6.295619964599609
clinvar_246183,FIG4,1,-13.145058631896973
clinvar_628813,KCNQ1,0,-3.9559903144836426
clinvar_4838071,SCLT1,0,-4.354503631591797
clinvar_2396328,FAM83E,0,-4.329429626464844
clinvar_413921,PHOX2B,0,-8.242311477661133
clinvar_958512,GARS1,1,-13.028379440307617
clinvar_2125980,COL2A1,1,-6.149867534637451
clinvar_258947,SPTA1,0,-3.7023491859436035
clinvar_217334,GJA3,1,-9.998991012573242
clinvar_548007,GBE1,1,-9.514861106872559
clinvar_1804153,GABBR1,1,-8.637615203857422
clinvar_452700,NOTCH1,0,-0.2145543098449707
clinvar_953601,AKAP9,0,-4.928323268890381
clinvar_694479,USP53,1,-12.220556259155273
clinvar_727505,COMT,0,-5.28987979888916
clinvar_1682597,SEPTIN9,0,-6.505475044250488
clinvar_3302693,OR2G6,0,-1.429337978363037
clinvar_805469,SLC12A3,1,-9.228368759155273
clinvar_974499,PKD1,1,-15.521074295043945
clinvar_4746214,FKRP,1,-14.441118240356445
clinvar_533568,FLNA,0,-7.25640869140625
clinvar_1953682,LAMA5,0,-6.841026306152344
clinvar_2672710,RECQL5,0,-2.5325355529785156
clinvar_1905649,NLRP1,0,-4.740955352783203
clinvar_549761,BRCA1,0,-4.016080379486084
clinvar_782398,FMO1,0,-2.4494423866271973
clinvar_837104,CHD7,0,-4.699129104614258
clinvar_2098880,CLCN7,1,-10.367012023925781
clinvar_630086,BRCA2,0,-2.4854066371917725
clinvar_802884,GNPTAB,1,-14.41171646118164
clinvar_2019337,STXBP1,1,-9.30945873260498
clinvar_2952527,FBN1,1,-11.653181076049805
clinvar_143827,CDKL5,1,-17.62006378173828
clinvar_241246,FANCL,0,-5.893984317779541
clinvar_3255486,SERPING1,1,-15.897863388061523
clinvar_3025636,CDH11,0,-4.429722309112549
clinvar_229298,TECTA,0,-7.312312126159668
clinvar_412126,DICER1,0,-9.308305740356445
clinvar_779657,ABCG5,0,-5.340171813964844
clinvar_1048245,GALNS,1,-7.646461009979248
clinvar_375721,HUWE1,1,-13.344589233398438
clinvar_1404789,SLC45A2,1,-10.940110206604004
clinvar_3290999,LMTK2,0,-2.7001914978027344
clinvar_232813,BRCA1,0,-2.639324188232422
clinvar_285260,SGCB,1,-3.028554916381836
clinvar_1804059,SOX11,1,-17.887874603271484
clinvar_1806944,TARDBP,1,-3.7813026905059814
clinvar_1801970,THOC2,1,-14.132909774780273
clinvar_691322,COL1A1,1,-14.449934005737305
clinvar_526731,NTRK1,0,-5.159308433532715
clinvar_981033,MTHFR,1,-14.695268630981445
clinvar_1338436,RPS19,1,-16.87352752685547
clinvar_141584,BRCA2,0,-6.597409725189209
clinvar_289541,PEX5,0,-1.5625386238098145
clinvar_1448424,AKAP9,0,-8.737336158752441
clinvar_3265746,CELSR1,0,-4.887481689453125
clinvar_1983490,KMT2B,0,-5.097115516662598
clinvar_3340582,GNAO1,1,-13.774240493774414
clinvar_4383843,DDX11,0,-1.4654518365859985
clinvar_404094,HCN1,0,-7.829411506652832
clinvar_12679,TIMP3,1,-8.286108016967773
clinvar_769061,ZNF587,0,0.5813088417053223
clinvar_9102,ABCC8,1,-3.162248134613037
clinvar_42078,BLM,1,-12.298017501831055
clinvar_627361,RASGRP2,1,-14.911581039428711
clinvar_2636939,LDLR,1,-18.704727172851562
clinvar_412,RNASET2,1,-13.335502624511719
clinvar_158533,EBP,1,-11.13366413116455
clinvar_193859,SCN9A,0,-4.725730895996094
clinvar_2489131,HPSE,0,-2.045325994491577
clinvar_3585933,COL4A4,1,-11.985993385314941
clinvar_711978,TAAR1,0,-7.8720245361328125
clinvar_182033,BARD1,0,-5.951009750366211
clinvar_725287,ADAMTS18,0,-11.046318054199219
clinvar_547446,KMT2D,0,-2.0494775772094727
clinvar_2525729,MFGE8,0,-4.033334255218506
clinvar_3065273,COMP,1,-11.602048873901367
clinvar_1471003,ADGRV1,0,-5.985207557678223
clinvar_881647,LRRK2,0,-3.2259063720703125
clinvar_251385,LDLR,1,-15.77817153930664
clinvar_525394,CCDC39,0,-5.035776615142822
clinvar_4234587,CRYBB1,0,-2.821613073348999
clinvar_549957,COL4A4,1,-11.699360847473145
clinvar_2499486,WFS1,1,-2.8103768825531006
clinvar_537708,CPLANE1,1,-5.892145156860352
clinvar_1496488,SGCA,1,-8.909873962402344
clinvar_1070571,RYR2,1,-12.44032096862793
clinvar_2447883,TSC1,1,-18.273088455200195
clinvar_135976,MET,0,-12.134050369262695
clinvar_4547657,LRRC18,0,-2.7444992065429688
clinvar_1804017,NPRL2,1,-11.105547904968262
clinvar_942959,SDHA,0,-3.6210319995880127
clinvar_1502533,COL4A5,1,-13.173490524291992
clinvar_3069170,ATP6V1C1,1,-13.400629997253418
clinvar_2734636,IDUA,1,-15.656697273254395
clinvar_1414351,SLC1A2,0,-6.129268646240234
clinvar_1334403,ATP2B1,1,-11.900338172912598
clinvar_166914,CNTNAP2,0,-4.541754722595215
clinvar_3431731,RDM1,0,-4.6903076171875
clinvar_2068303,ALMS1,0,-6.084750175476074
clinvar_2506413,ITGA2B,1,-12.51443862915039
clinvar_43564,SLC26A4,1,-7.619488716125488
clinvar_3870431,MAPK15,0,-3.1967458724975586
clinvar_392722,SLC52A3,1,-13.079766273498535
clinvar_4845385,DNM1,1,-14.358333587646484
clinvar_431947,ABCA4,1,-11.07768726348877
clinvar_1496810,LRRC56,0,-4.309857368469238
clinvar_15794,HBA1,0,-10.073149681091309
clinvar_12108,C7,1,-5.954256057739258
clinvar_577106,MEGF10,1,-10.148669242858887
clinvar_3068521,IGF1R,1,-13.889102935791016
clinvar_1037668,NMNAT1,1,-10.521172523498535
clinvar_2138033,G6PC1,1,-15.150031089782715
clinvar_447971,PKD1,1,-5.628293037414551
clinvar_694734,DNM2,1,-14.944348335266113
clinvar_2326782,MGME1,0,-2.02645206451416
clinvar_164726,MYO7A,0,-3.89894437789917
clinvar_181944,ATM,0,-5.680510520935059
clinvar_3437627,SBNO2,0,-3.6649274826049805
clinvar_142283,STK11,0,-4.7212653160095215
clinvar_3160594,SETD1A,0,-3.580460548400879
clinvar_529315,COL3A1,1,-16.213274002075195
clinvar_2138678,PLP1,1,-4.287158012390137
clinvar_973301,MED13L,1,-1.8292722702026367
clinvar_3898744,TGFBR1,1,-17.436025619506836
clinvar_2517424,PZP,0,-0.1145334243774414
clinvar_433187,COL4A5,1,-11.029475212097168
clinvar_738572,FOCAD,0,-2.808173656463623
clinvar_803543,JAK3,1,-7.159951210021973
clinvar_3024812,GRIA2,0,-2.790456771850586
clinvar_2644938,OR4M2,0,6.3857269287109375
clinvar_2683883,KIF5A,1,-6.596742630004883
clinvar_1505055,LAMA2,1,-14.666725158691406
clinvar_934477,RYR2,0,-0.015605926513671875
clinvar_1270887,VPS13C,0,-3.5086050033569336
clinvar_138445,NDUFA2,0,-7.018768310546875
clinvar_405263,KCNQ1,1,-17.046096801757812
clinvar_4705094,ABCD1,1,-7.128077507019043
clinvar_1335824,TMPRSS3,1,-9.736879348754883
clinvar_203671,DLD,0,-7.827157020568848
clinvar_1488779,PKHD1,1,-8.167709350585938
clinvar_987057,SURF1,1,-3.428311347961426
clinvar_826630,HOXB13,0,-4.628476619720459
clinvar_1320625,NALCN,1,-9.41072940826416
clinvar_788278,PALM2AKAP2,0,-4.044281959533691
clinvar_126203,BRCA2,1,-12.042631149291992
clinvar_2174451,SACS,0,-2.618528127670288
clinvar_2675194,AGXT,1,-13.333964347839355
clinvar_1527883,ATP1A3,1,-13.999744415283203
clinvar_870987,KMT2D,0,-5.857746601104736
clinvar_4610818,ZNF584,0,-1.0363643169403076
clinvar_795138,CCDC168,0,-4.360075950622559
clinvar_1416548,ALPK3,0,-1.7204411029815674
clinvar_3108223,IFNA10,0,-0.6748288869857788
clinvar_411975,VHL,0,-1.6919419765472412
clinvar_3390145,PRKCG,1,-12.882680892944336
clinvar_4590013,ATF6,0,-2.036224365234375
clinvar_376774,CCDC88C,0,-7.346625804901123
clinvar_3580840,RPGRIP1L,1,-7.730949401855469
clinvar_803492,MYO5B,1,-14.321578979492188
clinvar_3343912,IRF2BPL,1,-13.426252365112305
clinvar_1163753,SOD1,1,-12.36868667602539
clinvar_807574,COL4A5,1,-14.046581268310547
clinvar_578843,SH3TC2,0,-8.913019180297852
clinvar_3172512,SWT1,0,-2.1241581439971924
clinvar_1722603,G6PD,1,-9.198624610900879
clinvar_737834,CUL7,0,-5.909618377685547
clinvar_2395251,COX5A,0,0.31688499450683594
clinvar_1202065,AFF2,0,-4.3387451171875
clinvar_1683603,COL1A2,1,-16.092510223388672
clinvar_403597,USB1,0,-7.705205917358398
clinvar_298689,COL17A1,0,-4.835714340209961
clinvar_231059,ATM,1,-17.884078979492188
clinvar_830057,CPT2,1,-11.048879623413086
clinvar_2212469,RAD54B,0,-3.2726776599884033
clinvar_2321056,ANKZF1,0,-4.2984418869018555
clinvar_4102,TMC1,1,-9.13920783996582
clinvar_190489,AKAP9,0,-2.249121904373169
clinvar_962310,EGFR,0,-12.913020133972168
clinvar_201748,DMD,0,-2.833012104034424
clinvar_410870,DNAH11,1,-14.400969505310059
clinvar_216496,MET,0,-3.438962697982788
clinvar_438520,PHEX,1,-5.94639778137207
clinvar_1368927,MYBPC3,1,-8.476932525634766
clinvar_251582,LDLR,1,-10.048378944396973
clinvar_206529,POLG,1,-12.51176643371582
clinvar_24945,RET,0,-6.399711608886719
clinvar_482497,APC,0,-6.405447483062744
clinvar_3842381,DPYSL4,0,-3.7198593616485596
clinvar_2655715,KDM3B,0,-3.177992343902588
clinvar_435558,KCNJ11,1,-12.088807106018066
clinvar_382059,RANBP2,0,-3.004648208618164
clinvar_3235701,SCN8A,1,-13.393354415893555
clinvar_4245726,DYNC1H1,1,-16.835283279418945
clinvar_553250,HEXA,1,-13.285239219665527
clinvar_2252716,KIR3DL2,0,-2.9889540672302246
clinvar_1988278,RAI1,0,-4.3560333251953125
clinvar_3235919,NIPBL,1,-13.880311012268066
clinvar_1798675,CTRC,1,-8.868675231933594
clinvar_4084155,TCEAL2,0,-3.899245500564575
clinvar_1341826,KMT2B,0,-6.583148956298828
clinvar_207535,TCF4,0,-7.950952529907227
clinvar_728566,CCDC88C,0,-8.227750778198242
clinvar_402249,CDH23,1,-15.315999984741211
clinvar_475764,ACD,0,-4.189624309539795
clinvar_351242,HARS1,0,-9.849028587341309
clinvar_866188,BEST1,1,-14.612614631652832
clinvar_215387,WFS1,0,-5.225849151611328
clinvar_488564,NFU1,1,-15.888253211975098
clinvar_235889,CHD7,1,-15.958700180053711
clinvar_3340419,ATP1A3,1,-13.595269203186035
clinvar_2202902,PCDH15,0,-1.5998427867889404
clinvar_477747,MYPN,0,-3.6880931854248047
clinvar_3611223,PPM1D,0,-5.405505657196045
clinvar_2922738,SETX,0,-3.872436761856079
clinvar_165576,TPRN,0,-3.8778626918792725
clinvar_2203375,COL7A1,1,-14.58464527130127
clinvar_624355,TYRP1,1,-11.323319435119629
